[
  {
    "id": "dff25825-ea97-41ce-915b-133c56810958",
    "data": [
      {
        "text": "one ",
        "userDefined": false
      },
      {
        "text": "chocolate",
        "alias": "flavor",
        "meta": "@flavor",
        "userDefined": false
      },
      {
        "text": " ",
        "userDefined": false
      },
      {
        "text": "smoothie",
        "alias": "drink",
        "meta": "@drink",
        "userDefined": false
      },
      {
        "text": " please",
        "userDefined": false
      }
    ],
    "isTemplate": false,
    "count": 0,
    "updated": 0
  },
  {
    "id": "455e9f43-27e2-44df-8d18-4c174319d69d",
    "data": [
      {
        "text": "I want ",
        "userDefined": false
      },
      {
        "text": "one",
        "alias": "number",
        "meta": "@sys.number",
        "userDefined": true
      },
      {
        "text": " ",
        "userDefined": false
      },
      {
        "text": "vanilla",
        "alias": "flavor",
        "meta": "@flavor",
        "userDefined": false
      },
      {
        "text": " ",
        "userDefined": false
      },
      {
        "text": "milkshake",
        "alias": "drink",
        "meta": "@drink",
        "userDefined": false
      },
      {
        "text": " with ",
        "userDefined": false
      },
      {
        "text": "2%",
        "alias": "milk_type",
        "meta": "@milk_type",
        "userDefined": false
      },
      {
        "text": " milk",
        "userDefined": false
      }
    ],
    "isTemplate": false,
    "count": 0,
    "updated": 0
  },
  {
    "id": "e182a9b0-72d5-4f82-82c2-8dd9fa2a2ccf",
    "data": [
      {
        "text": "i want a ",
        "userDefined": false
      },
      {
        "text": "small",
        "alias": "size",
        "meta": "@size",
        "userDefined": false
      },
      {
        "text": " ",
        "userDefined": false
      },
      {
        "text": "strawberry",
        "alias": "flavor",
        "meta": "@flavor",
        "userDefined": false
      },
      {
        "text": " ",
        "userDefined": false
      },
      {
        "text": "smoothie",
        "alias": "drink",
        "meta": "@drink",
        "userDefined": false
      }
    ],
    "isTemplate": false,
    "count": 0,
    "updated": 0
  },
  {
    "id": "59ca790f-c50a-443d-b876-ca57c16c35ec",
    "data": [
      {
        "text": "two",
        "alias": "number",
        "meta": "@sys.number",
        "userDefined": true
      },
      {
        "text": " ",
        "userDefined": false
      },
      {
        "text": "large",
        "alias": "size",
        "meta": "@size",
        "userDefined": false
      },
      {
        "text": " ",
        "userDefined": false
      },
      {
        "text": "soy milk",
        "alias": "milk_type1",
        "meta": "@milk_type",
        "userDefined": false
      },
      {
        "text": " ",
        "userDefined": false
      },
      {
        "text": "chocolate",
        "alias": "flavor",
        "meta": "@flavor",
        "userDefined": false
      },
      {
        "text": " ",
        "userDefined": false
      },
      {
        "text": "milkshakes",
        "alias": "drink",
        "meta": "@drink",
        "userDefined": false
      }
    ],
    "isTemplate": false,
    "count": 0,
    "updated": 0
  },
  {
    "id": "5785874e-b80e-407a-9df1-840d2ee7596f",
    "data": [
      {
        "text": "i\u0027d like to order a rasberry ",
        "userDefined": false
      },
      {
        "text": "smoothie",
        "alias": "drink",
        "meta": "@drink",
        "userDefined": false
      },
      {
        "text": " please",
        "userDefined": false
      }
    ],
    "isTemplate": false,
    "count": 0,
    "updated": 0
  },
  {
    "id": "186ca04d-e77a-45a2-bee6-3170f28d886b",
    "data": [
      {
        "text": "I would like a ",
        "userDefined": false
      },
      {
        "text": "mocha",
        "alias": "flavor",
        "meta": "@flavor",
        "userDefined": false
      },
      {
        "text": " ",
        "userDefined": false
      },
      {
        "text": "smoothie",
        "alias": "drink",
        "meta": "@drink",
        "userDefined": false
      }
    ],
    "isTemplate": false,
    "count": 0,
    "updated": 0
  }
]