[
  {
    "id": "e2dab289-df21-4e7a-b989-26d3d73ba8e9",
    "data": [
      {
        "text": "can you look up ",
        "userDefined": false
      },
      {
        "text": "discipline",
        "alias": "topic",
        "meta": "@Topic",
        "userDefined": true
      },
      {
        "text": "?",
        "userDefined": false
      }
    ],
    "isTemplate": false,
    "count": 0,
    "updated": 0
  },
  {
    "id": "e104f64b-0f82-4da6-a6b3-2ee9b4458c2a",
    "data": [
      {
        "text": "Tell me about ",
        "userDefined": false
      },
      {
        "text": "annual salary",
        "alias": "topic",
        "meta": "@Topic",
        "userDefined": true
      }
    ],
    "isTemplate": false,
    "count": 0,
    "updated": 0
  },
  {
    "id": "f086a4c1-a88b-49f2-92ca-e39c710597fd",
    "data": [
      {
        "text": "What are ",
        "userDefined": false
      },
      {
        "text": "hours of work",
        "alias": "topic",
        "meta": "@Topic",
        "userDefined": true
      },
      {
        "text": "?",
        "userDefined": false
      }
    ],
    "isTemplate": false,
    "count": 0,
    "updated": 0
  },
  {
    "id": "ba333509-9ff7-4600-909e-a14e82c03114",
    "data": [
      {
        "text": "Tell me about discipline",
        "userDefined": false
      }
    ],
    "isTemplate": false,
    "count": 0,
    "updated": 0
  },
  {
    "id": "e0a903a3-d1d5-45a9-beb4-388e6004ce79",
    "data": [
      {
        "text": "Where can I find out about ",
        "userDefined": false
      },
      {
        "text": "discipline",
        "alias": "topic",
        "meta": "@Topic",
        "userDefined": true
      },
      {
        "text": "?",
        "userDefined": false
      }
    ],
    "isTemplate": false,
    "count": 0,
    "updated": 0
  },
  {
    "id": "f660c795-0921-4406-b0ed-320060d5e63a",
    "data": [
      {
        "text": "What is ",
        "userDefined": false
      },
      {
        "text": "discipline",
        "alias": "topic",
        "meta": "@Topic",
        "userDefined": true
      },
      {
        "text": "?",
        "userDefined": false
      }
    ],
    "isTemplate": false,
    "count": 0,
    "updated": 0
  },
  {
    "id": "b8a4f2e2-5c85-47d3-847a-ac95f12af6e4",
    "data": [
      {
        "text": "I want to know about ",
        "userDefined": false
      },
      {
        "text": "discipline",
        "alias": "topic",
        "meta": "@Topic",
        "userDefined": true
      }
    ],
    "isTemplate": false,
    "count": 0,
    "updated": 0
  },
  {
    "id": "7b2781b5-304e-4fb2-84f9-a28d64f2ba71",
    "data": [
      {
        "text": "I\u0027d would like ",
        "userDefined": false
      },
      {
        "text": "to",
        "meta": "@sys.ignore",
        "userDefined": true
      },
      {
        "text": " know about ",
        "userDefined": false
      },
      {
        "text": "discipline",
        "alias": "topic",
        "meta": "@Topic",
        "userDefined": true
      }
    ],
    "isTemplate": false,
    "count": 0,
    "updated": 0
  }
]