[
  {
    "id": "88ae8a0e-f9bc-4604-a244-b7e84a694574",
    "data": [
      {
        "text": "can you look up ",
        "userDefined": false
      },
      {
        "text": "discipline",
        "alias": "topic",
        "meta": "@Topic",
        "userDefined": true
      },
      {
        "text": "?",
        "userDefined": false
      }
    ],
    "isTemplate": false,
    "count": 0,
    "updated": 0
  },
  {
    "id": "af73b83f-29dd-4790-b99d-6931b20962e4",
    "data": [
      {
        "text": "Tell me about ",
        "userDefined": false
      },
      {
        "text": "annual salary",
        "alias": "topic",
        "meta": "@Topic",
        "userDefined": true
      }
    ],
    "isTemplate": false,
    "count": 0,
    "updated": 0
  },
  {
    "id": "fc99a105-c86c-4752-9c6e-ec681237f28f",
    "data": [
      {
        "text": "What are ",
        "userDefined": false
      },
      {
        "text": "hours of work",
        "alias": "topic",
        "meta": "@Topic",
        "userDefined": true
      },
      {
        "text": "?",
        "userDefined": false
      }
    ],
    "isTemplate": false,
    "count": 0,
    "updated": 0
  },
  {
    "id": "b55ac401-fef4-482a-a66f-dbae54489380",
    "data": [
      {
        "text": "Tell me about discipline",
        "userDefined": false
      }
    ],
    "isTemplate": false,
    "count": 0,
    "updated": 0
  },
  {
    "id": "750c95c7-a07e-4b75-b374-c68d8dba4742",
    "data": [
      {
        "text": "Where can I find out about ",
        "userDefined": false
      },
      {
        "text": "discipline",
        "alias": "topic",
        "meta": "@Topic",
        "userDefined": true
      },
      {
        "text": "?",
        "userDefined": false
      }
    ],
    "isTemplate": false,
    "count": 0,
    "updated": 0
  },
  {
    "id": "b5cafa43-fd43-424f-91ec-caed3ea8b476",
    "data": [
      {
        "text": "What is ",
        "userDefined": false
      },
      {
        "text": "discipline",
        "alias": "topic",
        "meta": "@Topic",
        "userDefined": true
      },
      {
        "text": "?",
        "userDefined": false
      }
    ],
    "isTemplate": false,
    "count": 0,
    "updated": 0
  },
  {
    "id": "8aadbbb5-f023-4dbd-8762-c1b47fe50bab",
    "data": [
      {
        "text": "I want to know about ",
        "userDefined": false
      },
      {
        "text": "discipline",
        "alias": "topic",
        "meta": "@Topic",
        "userDefined": true
      }
    ],
    "isTemplate": false,
    "count": 0,
    "updated": 0
  },
  {
    "id": "5d38d9f9-9b3b-4c79-af89-7cf80ea705ba",
    "data": [
      {
        "text": "I\u0027d would like ",
        "userDefined": false
      },
      {
        "text": "to",
        "meta": "@sys.ignore",
        "userDefined": true
      },
      {
        "text": " know about ",
        "userDefined": false
      },
      {
        "text": "discipline",
        "alias": "topic",
        "meta": "@Topic",
        "userDefined": true
      }
    ],
    "isTemplate": false,
    "count": 0,
    "updated": 0
  }
]